"授权官","SP-RSK-001","风险管理(RSK)","安全准备(SP)","高级官员或执行官，有权正式承担在组织运营(包括任务，职能，形象 或声誉)，组织资产，个人，其他组织和国家可接受的风险水平下运营信息系统的责任(CNSSI4009)。","T0145,T0221,T0371,T0495","K0001,K0002,K0003,K0004,K0005,K0006,K0013,K0019,K0027,K0028,K0037,K0038,K0040,K0044,K0048,K0049,K0054,K0059,K0070,K0084,K0089,K0101,K0126,K0146,K0168,K0169,K0170,K0179,K0199,K0203,K0260,K0261,K0262,K0267,K0295,K0322,K0342,K0622,K0624","S0034,S0367","A0028,A0033,A0077,A0090,A0094,A0111,A0117,A0118,A0119,A0123,A0170"
"安全控制评估师","SP-RSK-002","风险管理(RSK)","安全准备(SP)","对信息技术(IT)系统采用或继承的管理，运营和技术安全控制和控制 增强进行独立综合评估，以确定控制的整体有效性(如NIST 800-37中所定义)。","T0145,T0184,T0221,T0244,T0251,T0371,T0495,T0177,T0178,T0181,T0205,T0243,T0255,T0264,T0265,T0268,T0272,T0275,T0277,T0309,T0344","K0001,K0002,K0003,K0004,K0005,K0006,K0007,K0008,K0009,K0010,K0011,K0013,K0018,K0019,K0018,K0021,K0024,K0026,K0027,K0028,K0029,K0037,K0038,K0040,K0044,K0048,K0049,K0054,K0056,K0059,K0070,K0084,K0089,K0098,K0100,K0101,K0126,K0146,K0168,K0169,K0170,K0179,K0199,K0203,K0260,K0261,K0262,K0267,K0287,K0322,K0342,K0622,K0624","S0001,S0006,S0027,S0034,S0038,S0073,S0078,S0097,S0100,S0110,S0111,S0112,S0115,S0120,S0124,S0128,S0134,S0135,S0136,S0137,S0138,S0141,S0145,S0147,S0171,S0172,S0173,S0174,S0175,S0176,S0177,S0184,S0232,S0233,S0234,S0235,S0236,S0237,S0238,S0239,S0240,S0241,S0242,S0243,S0244,S0248,S0249,S0250,S0251,S0252,S0254,S0271,S0273,S0278,S0279,S0280,S0281,S0296,S0304,S0305,S0306,S0307,S0325,S0329,S0332,S0367,S0370,S0374","A0001,A0011,A0012,A0013,A0014,A0015,A0016,A0018,A0019,A0023,A0026,A0030,A0035,A0036,A0040,A0056,A0069,A0070,A0082,A0083,A0084,A0085,A0086,A0087,A0088,A0089,A0090,A0091,A0092,A0093,A0094,A0095,A0096,A0098,A0101,A0106,A0108,A0109,A0117,A0118,A0119,A0111,A0112,A0114,A0115,A0116,A0119,A0123,A0170"
"软件开发","SP-DEV-001","软件开发(DEV)","安全准备(SP)","开发，创建，维护和编写/编码新的(或修改现有的)计算机应用程序， 软件或专用实用程序。","T0009,T0011,T0013,T0014,T0022,T0026,T0034,T0040,T0046,T0057,T0077,T0100,T0111,T0117,T0118,T0171,T0176,T0181,T0189,T0217,T0228,T0236,T0267,T0303,T0311,T0324,T0337,T0416,T0417,T0436,T0455,T0500,T0553,T0554","K0001,K0002,K0003,K0004,K0005,K0006,K0014,K0016,K0027,K0028,K0039,K0044,K0050,K0051,K0060,K0066,K0068,K0070,K0073,K0079,K0080,K0081,K0082,K0084,K0086,K0105,K0139,K0140,K0152,K0153,K0154,K0170,K0179,K0199,K0202,K0260,K0261,K0262,K0263,K0322,K0332,K0342,K0343,K0624","S0001,S0014,S0017,S0019,S0022,S0031,S0034,S0060,S0135,S0138,S0149,S0174,S0175,S0367","A0007,A0021,A0047,A0123,A0170"
"安全软件评估","SP-DEV-002","软件开发(DEV)","安全准备(SP)","分析新的或现有的计算机应用程序，软件或专用实用程序的安全性并提供可操作的结果。","T0013,T0014,T0022,T0038,T0040,T0100,T0111,T0117,T0118,T0171,T0181,T0217,T0228,T0236,T0266,T0311,T0324,T0337,T0424,T0428,T0436,T0456,T0457,T0516,T0554","K0001,K0002,K0003,K0004,K0005,K0006,K0014,K0016,K0027,K0028,K0039,K0044,K0050,K0051,K0060,K0066,K0068,K0070,K0073,K0079,K0080,K0081,K0082,K0084,K0086,K0105,K0139,K0140,K0152,K0153,K0154,K0170,K0178,K0179,K0199,K0202,K0260,K0261,K0262,K0263,K0322,K0342,K0343,K0624","S0001,S0022,S0031,S0034,S0083,S0135,S0138,S0174,S0175,S0367","A0021,A0123,A0170"
"企业架构师","SP-ARC-001","系统架构(ARC)","安全准备(SP)","开发并维护业务，系统和信息流程以支持企业任务需求; 开发描述基线 和目标体系结构的信息技术(IT)规则和要求。","T0051,T0084,T0090,T0108,T0196,T0205,T0307,T0314,T0328,T0338,T0427,T0440,T0448,T0473,T0517,T0521,T0542,T0555,T0557","K0001,K0002,K0003,K0004,K0005,K0006,K0024,K0027,K0028,K0030,K0035,K0037,K0043,K0044,K0052,K0056,K0060,K0061,K0063,K0074,K0075,K0082,K0091,K0093,K0102,K0170,K0179,K0180,K0198,K0200,K0203,K0207,K0211,K0212,K0214,K0227,K0240,K0264,K0275,K0286,K0287,K0291,K0293,K0299,K0322,K0323,K0325,K0326,K0332,K0333,K0487,K0516","S0005,S0024,S0027,S0050,S0060,S0122,S0367,S0374","A0008,A0015,A0027,A0038,A0051,A0060,A0123,A0170"
"安全架构","SP-ARC-002","系统架构(ARC)","安全准备(SP)","确保在企业架构的所有方面(包括参考模型，细分市场和解决方案架构以及支持这些任务和业务流程的最终系统)充分解决保护组织的使命和业务流程所需的利益相关方安全需求。","T0050,T0051,T0071,T0082,T0084,T0090,T0108,T0177,T0196,T0203,T0205,T0268,T0307,T0314,T0328,T0338,T0427,T0448,T0473,T0484,T0542,T0556","K0001,K0002,K0003,K0004,K0005,K0006,K0007,K0008,K0009,K0010,K0011,K0012,K0013,K0015,K0018,K0019,K0024,K0026,K0027,K0030,K0035,K0036,K0037,K0043,K0044,K0052,K0055,K0056,K0057,K0059,K0060,K0061,K0063,K0071,K0074,K0082,K0091,K0092,K0093,K0102,K0170,K0180,K0198,K0200,K0202,K0211,K0212,K0214,K0227,K0240,K0260,K0261,K0262,K0264,K0275,K0277,K0286,K0287,K0291,K0293,K0320,K0322,K0323,K0325,K0326,K0332,K0333,K0336,K0374,K0565","S0005,S0022,S0024,S0027,S0050,S0059,S0061,S0076,S0116,S0122,S0138,S0139,S0152,S0168,S0170,S0367,S0374","A0008,A0014,A0015,A0027,A0038,A0048,A0049,A0050,A0061,A0123,A0148,A0149,A0170,A0172"
"研究和开发专家","SP-TRD-001","技术研发(TRD)","安全准备(SP)","开展软件和系统工程和软件系统研究，开发新功能，确保网络安全完全整合。 开展全面的技术研究，以评估网络空间系统的潜在脆弱性。","T0064,T0249,T0250,T0283,T0284,T0327,T0329,T0409,T0410,T0411,T0413,T0547","K0001,K0002,K0003,K0004,K0005,K0006,K0009,K0019,K0059,K0090,K0126,K0169,K0170,K0171,K0172,K0174,K0175,K0176,K0179,K0202,K0209,K0267,K0268,K0269,K0271,K0272,K0288,K0296,K0310,K0314,K0321,K0342,K0499","S0005,S0017,S0072,S0140,S0148,S0172","A0001,A0018,A0019,A0170"
"系统需求规划员","SP-SRP-001","系统需求规划(SRP)","安全准备(SP)","咨询客户以评估功能需求并将功能需求转化为技术解决方案。","T0033,T0039,T0045,T0052,T0062,T0127,T0156,T0174,T0191,T0235,T0273,T0300,T0313,T0325,T0334,T0454,T0463,T0497","K0001,K0002,K0003,K0004,K0005,K0006,K0008,K0012,K0018,K0019,K0032,K0035,K0038,K0043,K0044,K0045,K0047,K0055,K0056,K0059,K0060,K0061,K0063,K0066,K0067,K0073,K0074,K0086,K0087,K0090,K0091,K0093,K0101,K0102,K0126,K0163,K0164,K0168,K0169,K0170,K0180,K0200,K0267,K0287,K0325,K0332,K0333,K0622","S0005,S0006,S0008,S0010,S0050,S0134,S0367","A0064,A0123,A0170"
"系统测试和评估专家","SP-TST-001","测试和评估(TST)","安全准备(SP)","计划，准备并执行系统测试，根据规格和要求评估结果，并分析/报告测试结果。","T0058,T0080,T0125,T0143,T0257,T0274,T0393,T0426,T0511,T0512,T0513,T0539,T0540","K0001,K0002,K0003,K0004,K0005,K0006,K0027,K0028,K0037,K0044,K0057,K0088,K0091,K0102,K0139,K0126,K0169,K0170,K0179,K0199,K0203,K0212,K0250,K0260,K0261,K0262,K0287,K0332","S0015,S0021,S0026,S0030,S0048,S0060,S0061,S0082,S0104,S0107,S0110,S0112,S0115,S0117,S0367","A0026,A0030,A0040,A0123"
"信息系统安全开发者","SP-SYS-001","系统开发(SYS)","安全准备(SP)","在整个系统开发生命周期中设计，开发，测试和评估信息系统安全。","T0012,T0015,T0018,T0019,T0021,T0032,T0053,T0055,T0056,T0061,T0069,T0070,T0076,T0078,T0105,T0107,T0109,T0119,T0122,T0124,T0181,T0201,T0205,T0228,T0231,T0242,T0269,T0270,T0271,T0272,T0304,T0326,T0359,T0446,T0449,T0466,T0509,T0518,T0527,T0541,T0544","K0001,K0002,K0003,K0004,K0005,K0006,K0015,K0018,K0024,K0027,K0028,K0030,K0032,K0035,K0036,K0044,K0045,K0049,K0050,K0052,K0055,K0056,K0060,K0061,K0063,K0065,K0066,K0067,K0073,K0081,K0082,K0084,K0086,K0087,K0090,K0091,K0093,K0102,K0126,K0139,K0169,K0170,K0179,K0180,K0200,K0203,K0260,K0261,K0262,K0276,K0287,K0297,K0308,K0322,K0325,K0332,K0333,K0336","S0001,S0022,S0023,S0024,S0031,S0034,S0036,S0085,S0145,S0160,S0367","A0001,A0008,A0012,A0013,A0015,A0019,A0026,A0040,A0048,A0049,A0050,A0056,A0061,A0074,A0089,A0098,A0108,A0119,A0123,A0170"
"系统开发者","SP-SYS-002","系统开发(SYS)","安全准备(SP)","在整个系统开发生命周期中设计，开发，测试和评估信息系统。","T0012,T0021,T0053,T0056,T0061,T0067,T0070,T0107,T0109,T0119,T0181,T0201,T0205,T0228,T0242,T0304,T0326,T0350,T0358,T0359,T0378,T0406,T0447,T0449,T0464,T0466,T0480,T0488,T0518,T0528,T0538,T0541,T0544,T0558,T0559,T0560","K0001,K0002,K0003,K0004,K0005,K0006,K0015,K0018,K0024,K0027,K0028,K0030,K0032,K0035,K0036,K0044,K0045,K0049,K0050,K0052,K0055,K0056,K0060,K0061,K0063,K0065,K0066,K0067,K0073,K0081,K0082,K0084,K0086,K0087,K0090,K0091,K0093,K0102,K0126,K0139,K0169,K0170,K0179,K0180,K0200,K0203,K0207,K0212,K0227,K0260,K0261,K0262,K0276,K0287,K0297,K0308,K0322,K0325,K0332,K0333,K0336","S0018,S0022,S0023,S0024,S0025,S0031,S0034,S0036,S0060,S0085,S0097,S0136,S0145,S0146,S0160,S0367","A0123,A0170"
"数据库管理员","OM-DTA-001","数据管理员(DTAA)","操作和维护(OM)","管理允许安全存储，查询和使用数据的数据库和/或数据管理系统。","T0008,T0137,T0139,T0140,T0146,T0152,T0162,T0210,T0305,T0306,T0330,T0422,T0459,T0490","K0001,K0002,K0003,K0004,K0005,K0006,K0020,K0021,K0022,K0023,K0025,K0031,K0056,K0060,K0065,K0069,K0083,K0097,K0197,K0260,K0261,K0262,K0277,K0278,K0287,K0420","S0002,S0013,S0037,S0042,S0045","A0176"
"数据分析","OM-DTA-002","数据管理员(DTA)","操作和维护(OM)","检查来自多个不同来源的数据，以提供安全和隐私洞察。设计和实施用于建模，数据挖掘和研究目的的复杂企业级数据集的自定义算法，工作流程和布局。","T0007,T0008,T0068,T0146,T0195,T0210,T0342,T0347,T0349,T0351,T0353,T0361,T0366,T0381,T0382,T0383,T0385,T0392,T0402,T0403,T0404,T0405,T0460","K0001,K0002,K0003,K0004,K0005,K0006,K0015,K0016,K0020,K0022,K0023,K0025,K0031,K0051,K0052,K0056,K0060,K0065,K0068,K0069,K0083,K0095,K0129,K0139,K0140,K0193,K0197,K0229,K0236,K0238,K0325,K0420","S0013,S0017,S0202,S0028,S0029,S0037,S0060,S0088,S0089,S0094,S0095,S0103,S0106,S0109,S0113,S0114,S0118,S0119,S0123,S0125,S0126,S0127,S0129,S0130,S0160,S0369","A0029,A0035,A0036,A0041,A0066"
"知识经理","OM-KMG-001","知识管理(KMG)","操作和维护(OM)","描述负责管理和流程和工具管理，使组织能够识别，记录和访问知识资本和信息内容。","T0037,T0060,T0154,T0185,T0209,T0339,T0421,T0452,T0524","K0001,K0002,K0003,K0004,K0005,K0006,K0013,K0094,K0095,K0096,K0146,K0194,K0195,K0228,K0260,K0261,K0262,K0283,K0287,K0315,K0338,K0420","S0011,S0012,S0049,S0055","A0002"
"技术支持专家","OM-STS-001","客户服务和技术支持(STS)","操作和维护(OM)","根据已建立或已批准的组织流程组件，为需要使用客户端级硬件和软件的客户提供技术支持。(即适用的主事件管理计划)。","T0125,T0237,T0308,T0315,T0331,T0468,T0482,T0491,T0494,T0496,T0502,T0530","K0001,K0002,K0003,K0004,K0005,K0006,K0053,K0088,K0109,K0114,K0116,K0194,K0224,K0237,K0242,K0247,K0260,K0261,K0262,K0287,K0292,K0294,K0302,K0317,K0330","S0039,S0058,S0142,S0159,S0365","A0025,A0034,A0122"
"网络运营专家","OM-NET-001","网络服务(NET)","操作和维护(OM)","计划，实施和运营网络服务/系统，包括硬件和虚拟环境。","T0035,T0065,T0081,T0121,T0125,T0126,T0129,T0153,T0160,T0200,T0232","K0001,K0002,K0003,K0004,K0005,K0006,K0010,K0011,K0029,K0038,K0049,K0050,K0053,K0061,K0071,K0076,K0093,K0104,K0108,K0111,K0113,K0135,K0136,K0137,K0138,K0159,K0160,K0179,K0180,K0200,K0201,K0203,K0260,K0261,K0262,K0274,K0287,K0332,K0622","S0004,S0035,S0040,S0041,S0056,S0077,S0079,S0084,S0150,S0162,S0170","A0052,A0055,A0058,A0059,A0062,A0063,A0065,A0159"
"系统管理员","OM-ADM-001","系统管理(ADM)","操作和维护(OM)","负责设置和维护系统或系统的特定组件(例如，安装，配置和更新 硬件和软件;建立和管理用户帐户;监督或执行备份和恢复任务; 实施操作和技术安全控制; 并遵守组织安全政策和程序)。","T0029,T0054,T0063,T0136,T0144,T0186,T0207,T0418,T0431,T0435,T0458,T0461,T0498,T0501,T0507,T0514,T0515,T0531","K0001,K0002,K0003,K0004,K0005,K0006,K0049,K0050,K0053,K0064,K0077,K0088,K0100,K0103,K0104,K0117,K0130,K0158,K0167,K0179,K0260,K0261,K0262,K0274,K0280,K0289,K0318,K0332,K0346","S0016,S0033,S0043,S0073,S0076,S0111,S0143,S0144,S0151,S0153,S0154,S0155,S0157,S0158","A0025,A0027,A0034,A0055,A0062,A0074,A0088,A0123,A0124"
"系统安全分析师","OM-ANA-001","系统分析(ANA)","操作和维护(OM)","负责分析和开发系统安全的集成，测试，操作和维护。","T0015,T0016,T0017,T0085,T0086,T0088,T0123,T0128,T0169,T0177,T0187,T0194,T0202,T0205,T0243,T0309,T0344,T0462,T0469,T0470,T0475,T0477,T0485,T0489,T0492,T0499,T0504,T0508,T0526,T0545,T0548","K0001,K0002,K0003,K0004,K0005,K0006,K0015,K0018,K0019,K0024,K0035,K0036,K0040,K0044,K0049,K0052,K0056,K0060,K0061,K0063,K0075,K0082,K0093,K0102,K0179,K0180,K0200,K0203,K0227,K0260,K0261,K0262,K0263,K0266,K0267,K0275,K0276,K0281,K0284,K0285,K0287,K0290,K0297,K0322,K0333,K0339","S0024,S0027,S0031,S0036,S0060,S0141,S0147,S0167,S0367","A0015,A0123"
"网络法律顾问","OV-LGA-001","法律咨询和倡导(LGA)","监督和治理(OV)","就网络法相关主题提供法律咨询和建议。","T0006,T0098,T0102,T0131,T0220,T0419,T0434,T0465,T0474,T0476,T0478,T0487,T0522","K0001,K0002,K0003,K0004,K0005,K0006,K0017,K0059,K0107,K0157,K0261,K0262,K0267,K0312,K0316,K0341,K0615","S0356","A0046"
"隐私官/隐私合规经理","OV-LGA-002","法律咨询和倡导(LGA)","监督和治理(OV)","开发和监督隐私合规计划和隐私计划人员，支持隐私和安全管理人员及其团队的隐私合规性，治理/政策和事件响应需求。","T0003,T0004,T0029,T0930,T0032,T0066,T0098,T0099,T0131,T0133,T0188,T0381,T0384,T0478,T0861,T0862,T0863,T0864,T0865,T0866,T0867,T0868,T0869,T0870,T0871,T0872,T0873,T0874,T0875,T0876,T0877,T0878,T0879,T0880,T0881,T0882,T0883,T0884,T0885,T0886,T0887,T0888,T0889,T0890,T0891,T0892,T0893,T0894,T0895,T0896,T0897,T0898,T0899,T0900,T0901,T0902,T0903,T0904,T0905,T0906,T0907,T0908,T0909,T0910,T0911,T0912,T0913,T0914,T0915,T0916,T0917,T0918,T0919","K0001,K0002,K0003,K0004,K0005,K0006,K0008,K0066,K0168,K0612,K0613,K0614,K0615","S0354,S0355,S0356","A0024,A0033,A0034,A0104,A0105,A0110,A0111,A0112,A0113,A0114,A0115,A0125"
"网络教育课程开发者","OV-TEA-001","培训，教育和意识(TEA)","监督和治理(OV)","说明根据教学需求开发，计划，协调和评估网络培训/教育课程，方法和技术。","T0230,T0247,T0248,T0249,T0345,T0352,T0357,T0365,T0367,T0380,T0437,T0442,T0450,T0451,T0534,T0536,T0926","K0001,K0002,K0003,K0004,K0005,K0006,K0059,K0124,K0146,K0147,K0204,K0208,K0213,K0216,K0217,K0220,K0243,K0239,K0245,K0246,K0250,K0252,K0287,K0628","S0064,S0066,S0070,S0102,S0166,S0296","A0004,A0013,A0015,A0018,A0019,A0022,A0024,A0032,A0054,A0057,A0055,A0057,A0058,A0063,A0070,A0083,A0089,A0105,A0106,A0112,A0114,A0118,A0119,A0171"
"网络教师","OV-TEA-002","培训，教育和意识(TEA)","监督和治理(OV)","开发并开展网络领域内人员的培训或教育。","T0030,T0073,T0101,T0224,T0230,T0247,T0316,T0317,T0318,T0319,T0320,T0321,T0322,T0323,T0352,T0365,T0367,T0381,T0382,T0395,T0443,T0444,T0450,T0451,T0467,T0519,T0520,T0535,T0536,T0926","K0001,K0002,K0003,K0004,K0005,K0006,K0007,K0059,K0115,K0124,K0130,K0146,K0147,K0204,K0208,K0213,K0215,K0216,K0217,K0218,K0220,K0226,K0239,K0245,K0246,K0250,K0252,K0287,K0313,K0319,K0628","S0001,S0004,S0006,S0051,S0052,S0053,S0055,S0056,S0057,S0060,S0064,S0070,S0073,S0075,S0076,S0081,S0084,S0097,S0098,S0100,S0101,S0121,S0131,S0156,S0184,S0270,S0271,S0281,S0293,S0301,S0356,S0358","A0006,A0011,A0012,A0013,A0014,A0015,A0016,A0017,A0018,A0019,A0020,A0022,A0023,A0024,A0032,A0055,A0057,A0057,A0058,A0063,A0066,A0070,A0083,A0089,A0105,A0106,A0112,A0114,A0118,A0119,A0171"
"信息系统安全经理","OV-MGT-001","网络安全管理(MGT)","监督和治理(OV)","负责项目，组织，系统或飞地的网络安全。","T0001,T0002,T0003,T0004,T0005,T0024,T0025,T0044,T0089,T0091,T0092,T0093,T0095,T0097,T0099,T0106,T0115,T0130,T0132,T0133,T0134,T0135,T0147,T0148,T0149,T0151,T0157,T0158,T0159,T0192,T0199,T0206,T0211,T0213,T0215,T0219,T0227,T0229,T0234,T0239,T0248,T0254,T0255,T0256,T0263,T0264,T0265,T0275,T0276,T0277,T0280,T0281,T0282","K0001,K0002,K0003,K0004,K0005,K0006,K0008,K0018,K0021,K0026,K0033,K0038,K0040,K0042,K0043,K0046,K0048,K0053,K0054,K0058,K0059,K0061,K0070,K0072,K0076,K0077,K0087,K0090,K0092,K0101,K0106,K0121,K0126,K0149,K0150,K0151,K0163,K0167,K0168,K0169,K0170,K0179,K0180,K0199,K0260,K0261,K0262,K0267,K0287,K0332,K0342,K0622,K0624","S0018,S0027,S0086","A0128,A0161,A0170"
"通信安全(COMSEC)经理","OV-MGT-002","网络安全管理(MGT)","监督和治理(OV)","管理组织通信安全(COMSEC)资源的个人(CNSSI 4009)或加密密钥管理系统(CKMS)的密钥管理员。","T0003,T0004,T0025,T0044,T0089,T0095,T0099,T0215,T0229","K0001,K0002,K0003,K0004,K0005,K0006,K0018,K0026,K0038,K0042,K0090,K0101,K0121,K0126,K0163,K0267,K0285,K0287,K0622","S0027,S0059,S0138","A0162,A0163,A0164,A0165,A0166,A0167,A0168"
"网络劳动力开发人员和经理","OV-SPP-001","战略规划与政策(SPP)","监督和治理(OV)","制定网络空间劳动力计划，战略和指导，以支持网络空间劳动力的人力，人员，培训和教育需求，并解决网络空间政策，原则，物资，队伍结构以及教育和培训要求的变化。","T0001,T0004,T0025,T0044,T0074,T0094,T0099,T0116,T0222,T0226,T0341,T0352,T0355,T0356,T0362,T0363,T0364,T0365,T0368,T0369,T0372,T0373,T0374,T0375,T0376,T0384,T0387,T0388,T0390,T0391,T0408,T0425,T0429,T0437,T0441,T0445,T0472,T0481,T0505,T0506,T0529,T0533,T0536,T0537,T0552","K0001,K0002,K0003,K0004,K0005,K0006,K0072,K0101,K0127,K0146,K0147,K0168,K0169,K0204,K0215,K0233,K0234,K0241,K0243,K0309,K0311,K0313,K0335","S0108,S0128","A0023,A0028,A0033,A0037,A0042,A0053"
"网络政策和策略规划","OV-SPP-002","战略规划和政策发展(SPP)","监督和治理(OV)","制定和维护网络安全计划，战略和政策，以支持并符合组织网络安全举措和法规遵从。","T0074,T0094,T0222,T0226,T0341,T0369,T0384,T0390,T0408,T0425,T0429,T0441,T0445,T0472,T0505,T0506,T0529,T0533,T0537","K0001,K0002,K0003,K0004,K0005,K0006,K0070,K0127,K0146,K0168,K0234,K0248,K0309,K0311,K0313,K0335,K0624","S0176,S0250","A0003,A0033,A0037"
"行政网络领导","OV-EXL-001","行政网络领导力(EXL)","监督和治理(OV)","执行决策权并为组织的网络和网络相关资源和/或运营确定愿景和方向。","T0001,T0002,T0004,T0006,T0025,T0066,T0130,T0134,T0135,T0148,T0151,T0227,T0229,T0229,T0248,T0254,T0263,T0264,T0282,T0337,T0356,T0429,T0445,T0509,T0763,T0871,T0872,T0927,T0928","K0001,K0002,K0003,K0004,K0005,K0006,K0009,K0070,K0106,K0314,K0296,K0147,K0624,K0628","S0018,S0356,S0357,S0358,S0359","A0033,A0070,A0085,A0094,A0105,A0106,A0116,A0117,A0118,A0119,A0129,A0130,A0130"
"项目经理","OV-PMA-001","计划/项目管理和采购(PMA)","监督和治理(OV)","领导，协调，沟通，整合，并对项目的整体成功负责，确保与机构或企业优先事项保持一致。","T0066,T0072,T0174,T0199,T0220,T0223,T0256,T0273,T0277,T0302,T0340,T0354,T0377,T0379,T0407,T0412,T0414,T0415,T0481,T0493,T0551","K0001,K0002,K0003,K0004,K0005,K0006,K0047,K0048,K0072,K0090,K0101,K0120,K0126,K0146,K0148,K0154,K0164,K0165,K0169,K0194,K0196,K0198,K0200,K0235,K0257,K0270","S0038,S0372","A0009,A0039,A0045,A0056"
"信息技术(IT)项目经理","OV-PMA-002","计划/项目管理和采购(PMA)","监督和治理(OV)","直接管理信息技术项目。","T0072,T0174,T0196,T0199,T0207,T0208,T0220,T0223,T0256,T0273,T0277,T0340,T0354,T0370,T0377,T0379,T0389,T0394,T0407,T0412,T0414,T0415,T0481,T0493,T0551","K0001,K0002,K0003,K0004,K0005,K0006,K0012,K0043,K0047,K0048,K0059,K0072,K0090,K0101,K0120,K0126,K0146,K0148,K0154,K0164,K0165,K0169,K0194,K0196,K0198,K0200,K0235,K0257,K0270","S0038,S0372","A0009,A0039,A0045,A0056"
"产品支持经理","OV-PMA-003","计划/项目管理和采购(PMA)","监督和治理(OV)","管理现场所需的一系列支持功能，并保持系统和组件的准备就绪 和运营能力。","T0072,T0174,T0196,T0204,T0207,T0208,T0220,T0223,T0256,T0273,T0277,T0302,T0340,T0354,T0370,T0377,T0389,T0394,T0412,T0414,T0493,T0525,T0551,T0553","K0001,K0002,K0003,K0004,K0005,K0006,K0043,K0048,K0059,K0072,K0090,K0120,K0126,K0148,K0150,K0154,K0164,K0165,K0169,K0194,K0196,K0198,K0200,K0235,K0249,K0257,K0270","S0038,S0372","A0009,A0031,A0039,A0045,A0056"
"IT 投资/投资组合经理","OV-PMA-004","计划/项目管理和采购(PMA)","监督和治理(OV)","管理符合特派团和企业优先事项总体需求的 IT 投资组合。","T0220,T0223,T0277,T0302,T0377,T0415,T0493,T0551","K0001,K0002,K0003,K0004,K0005,K0006,K0048,K0072,K0120,K0126,K0146,K0154,K0165,K0169,K0235,K0257,K0270","S0372","A0039"
"IT 计划审计员","OV-PMA-005","计划/项目管理和采购(PMA)","监督和治理(OV)","对 IT 计划或其各个组件进行评估，以确定是否符合公布的标准。","T0072,T0207,T0208,T0223,T0256,T0389,T0412,T0415","K0001,K0002,K0003,K0004,K0005,K0006,K0043,K0047,K0048,K0072,K0090,K0120,K0126,K0148,K0154,K0165,K0169,K0198,K0200,K0235,K0257,K0270","S0038,S0085,S0372","A0056"
"网络防御分析师","PR-CDA-001","网络防御分析(CDA)","保护和防御(PR)","使用从各种网络防御工具(例如，IDS 警报，防火墙，网络流量日志)收集的数据来分析其环境中发生的事件，以减轻威胁。","T0020,T0023,T0043,T0088,T0155,T0164,T0166,T0178,T0187,T0198,T0214,T0258,T0259,T0260,T0290,T0291,T0292,T0293,T0294,T0295,T0296,T0297,T0298,T0299,T0310,T0332,T0469,T0470,T0475,T0503,T0504,T0526,T0545,T0548","K0001,K0002,K0003,K0004,K0005,K0006,K0007,K0013,K0015,K0018,K0019,K0024,K0033,K0040,K0042,K0044,K0046,K0049,K0056,K0058,K0059,K0060,K0061,K0065,K0070,K0074,K0075,K0093,K0098,K0104,K0106,K0107,K0110,K0111,K0112,K0113,K0116,K0139,K0142,K0143,K0157,K0160,K0161,K0162,K0167,K0168,K0177,K0179,K0180,K0190,K0191,K0192,K0203,K0221,K0222,K0260,K0261,K0262,K0290,K0297,K0300,K0301,K0303,K0318,K0322,K0324,K0332,K0339,K0342,K0624","S0020,S0025,S0027,S0036,S0054,S0057,S0063,S0078,S0096,S0147,S0156,S0167,S0169,S0367,S0370","A0010,A0015,A0066,A0123,A0128,A0159"
"网络防御基础架构支持专家","PR-INF-001","网络防御基础设施支持(INF)","保护和防御(PR)","测试，实施，部署，维护和管理基础架构硬件和软件。","T0042,T0180,T0261,T0335,T0348,T0420,T0438,T0483,T0486","K0001,K0002,K0003,K0004,K0005,K0006,K0021,K0033,K0042,K0044,K0058,K0061,K0062,K0104,K0106,K0135,K0157,K0179,K0205,K0258,K0274,K0324,K0332,K0334","S0007,S0053,S0054,S0059,S0077,S0079,S0121,S0124,S0367","A0123"
"网络防御事件响应人员","PR-CIR-001","事件响应(CIR)","保护和防御(PR)","调查，分析并回应网络环境或飞地内的网络事件。","T0041,T0047,T0161,T0163,T0164,T0170,T0175,T0214,T0233,T0246,T0262,T0278,T0279,T0312,T0395,T0503,T0510","K0001,K0002,K0003,K0004,K0005,K0006,K0021,K0026,K0033,K0034,K0041,K0042,K0046,K0058,K0062,K0070,K0106,K0157,K0161,K0162,K0167,K0177,K0179,K0221,K0230,K0259,K0287,K0332,K0565,K0624","S0003,S0047,S0077,S0078,S0079,S0080,S0173,S0365","A0121,A0128"
"漏洞评估分析师","PR-VAM-001","漏洞评估和管理(VAM)","保护和防御(PR)","对网元或飞地内的系统和网络进行评估，并确定这些系统/网络是否偏离可接受配置，飞地策略或本地策略的位置。 测量深度防御架构针对已知漏洞的有效性。","T0010,T0028,T0138,T0142,T0188,T0252,T0549,T0550","K0001,K0002,K0003,K0004,K0005,K0006,K0009,K0019,K0021,K0033,K0044,K0056,K0061,K0068,K0070,K0089,K0106,K0139,K0161,K0162,K0167,K0177,K0179,K0203,K0206,K0210,K0224,K0265,K0287,K0301,K0308,K0332,K0342,K0344,K0624","S0001,S0009,S0025,S0044,S0051,S0052,S0081,S0120,S0137,S0171,S0364,S0367","A0001,A0044,A0120,A0123"
"威胁/警告分析师","AN-TWA-001","警告/威胁分析(TWA)","分析(AN)","开发网络指标以保持对高度动态运行环境状态的认识。 收集，处 理，分析和传播网络威胁/警告评估。","T0569,T0583,T0584,T0585,T0586,T0589,T0593,T0597,T0615,T0617,T0660,T0685,T0687,T0707,T0708,T0718,T0748,T0749,T0751,T0752,T0758,T0761,T0783,T0785,T0786,T0792,T0800,T0805,T0834","K0001,K0002,K0003,K0004,K0005,K0006,K0036,K0058,K0108,K0109,K0177,K0349,K0362,K0377,K0392,K0395,K0405,K0409,K0415,K0417,K0427,K0431,K0436,K0437,K0440,K0444,K0445,K0446,K0449,K0458,K0460,K0464,K0469,K0471,K0480,K0499,K0511,K0516,K0556,K0560,K0561,K0565,K0603,K0604,K0610,K0612,K0614","S0194,S0196,S0203,S0211,S0218,S0227,S0228,S0229,S0249,S0256,S0278,S0285,S0288,S0289,S0296,S0297,S0303","A0013,A0066,A0072,A0080,A0082,A0083,A0084,A0087,A0088,A0089,A0091,A0101,A0102,A0106,A0107,A0109"
"开发分析师","AN-EXP-001","开发分析(EXP)","分析(AN)","合作确定通过网络收集和/或准备活动可以满足的访问和收集满意程度。利用所有授权资源和分析技术来渗透目标网络。","T0028,T0266,T0570,T0572,T0574,T0591,T0600,T0603,T0608,T0614,T0641,T0695,T0701,T0720,T0727,T0736,T0738,T0754,T0775,T0777","K0001,K0002,K0003,K0004,K0005,K0006,K0108,K0109,K0131,K0142,K0143,K0177,K0224,K0349,K0362,K0417,K0444,K0471,K0560,K0351,K0354,K0368,K0371,K0376,K0379,K0388,K0393,K0394,K0397,K0418,K0430,K0443,K0447,K0451,K0470,K0473,K0484,K0487,K0489,K0509,K0510,K0523,K0529,K0535,K0544,K0557,K0559,K0608","S0066,S0184,S0199,S0200,S0201,S0204,S0207,S0214,S0223,S0236,S0237,S0239,S0240,S0245,S0247,S0258,S0260,S0264,S0269,S0279,S0286,S0290,S0294,S0300","A0013,A0066,A0080,A0084,A0074,A0086,A0092,A0093,A0104"
"全源分析师","AN-ASA-001","全源分析(ASA)","分析(AN)","分析来自一个或多个来源的数据/信息，以开展环境准备，回应信息请求，并提交情报收集和生产要求以支持规划和运营。","T0569,T0582,T0583,T0584,T0585,T0586,T0589,T0593,T0597,T0615,T0617,T0642,T0660,T0678,T0685,T0686,T0687,T0707,T0708,T0710,T0713,T0718,T0748,T0749,T0751,T0752,T0758,T0761,T0771,T0782,T0783,T0785,T0786,T0788,T0789,T0792,T0797,T0800,T0805,T0834","K0001,K0002,K0003,K0004,K0005,K0006,K0036,K0058,K0108,K0109,K0177,K0221,K0349,K0362,K0444,K0471,K0560,K0377,K0392,K0395,K0405,K0409,K0427,K0431,K0436,K0437,K0440,K0445,K0446,K0449,K0458,K0460,K0464,K0469,K0480,K0511,K0516,K0556,K0561,K0565,K0603,K0604,K0610,K0612,K0614,K0357,K0410,K0457,K0465,K0507,K0533,K0542,K0549,K0551,K0577,K0598","S0194,S0203,S0211,S0218,S0227,S0229,S0249,S0256,S0278,S0285,S0288,S0289,S0296,S0297,S0303,S0189,S0254,S0360","A0013,A0066,A0080,A0084,A0072,A0082,A0083,A0085,A0087,A0088,A0089,A0091,A0101,A0102,A0106,A0107,A0108,A0109"
"任务评估专家","AN-ASA-002","全源分析(ASA)","分析(AN)","制定评估计划和绩效/有效性措施。 根据网络活动的要求进行战略和运营效果评估。 确定系统是否按预期执行，并为确定运营有效性提供输入。","T0582,T0583,T0585,T0586,T0588,T0589,T0593,T0597,T0611,T0615,T0617,T0624,T0660,T0661,T0663,T0678,T0684,T0685,T0686,T0707,T0718,T0748,T0749,T0752,T0758,T0761,T0782,T0783,T0785,T0786,T0788,T0789,T0793,T0797,T0834","K0001,K0002,K0003,K0004,K0005,K0006,K0036,K0058,K0108,K0109,K0177,K0349,K0362,K0377,K0392,K0395,K0405,K0409,K0410,K0414,K0417,K0427,K0431,K0436,K0437,K0440,K0444,K0445,K0446,K0449,K0457,K0460,K0464,K0465,K0469,K0471,K0480,K0507,K0511,K0516,K0549,K0551,K0556,K0560,K0561,K0565,K0598,K0603,K0604,K0610,K0612,K0614","S0189,S0194,S0203,S0211,S0216,S0218,S0227,S0228,S0229,S0249,S0254,S0256,S0271,S0278,S0285,S0288,S0289,S0292,S0296,S0297,S0303,S0360","A0013,A0066,A0080,A0084,A0072,A0082,A0083,A0087,A0088,A0089,A0091,A0101,A0102,A0106,A0107,A0109,A0085,A0108"
"目标开发者","AN-TGT-001","目标(TGT)","分析(AN)","执行目标系统分析，构建和/或维护电子目标文件夹，以包括来自环境准备和/或内部或外部情报源的输入。与合作伙伴目标活动和情报组织协调，并提出候选目标进行审查和验证。","T0597,T0617,T0707,T0582,T0782,T0797,T0588,T0624,T0661,T0663,T0684,T0642,T0710,T0561,T0594,T0599,T0633,T0650,T0652,T0688,T0717,T0731,T0744,T0769,T0770,T0776,T0781,T0790,T0794,T0798,T0799,T0802,T0815,T0824,T0835","K0001,K0002,K0003,K0004,K0005,K0006,K0036,K0058,K0108,K0109,K0177,K0142,K0349,K0362,K0444,K0471,K0560,K0392,K0395,K0409,K0427,K0431,K0436,K0437,K0440,K0445,K0446,K0449,K0460,K0464,K0516,K0556,K0561,K0565,K0603,K0604,K0614,K0457,K0465,K0507,K0549,K0551,K0598,K0417,K0458,K0357,K0533,K0542,K0351,K0379,K0473,K0381,K0402,K0413,K0426,K0439,K0461,K0466,K0478,K0479,K0497,K0499,K0543,K0546,K0547,K0555","S0194,S0203,S0218,S0227,S0229,S0249,S0256,S0278,S0285,S0288,S0289,S0296,S0297,S0189,S0228,S0216,S0292,S0196,S0187,S0205,S0208,S0222,S0248,S0274,S0287,S0302,S0360,S0361","A0013,A0066,A0080,A0084,A0087,A0088,A0089,A0091,A0101,A0102,A0106,A0109,A0085,A0073"
"目标网络分析师","AN-TGT-002","目标(TGT)","分析(AN)","对收集和开源数据进行高级分析，以确保目标的连续性; 分析目标及其活动; 并开发获取更多目标信息的技术。 根据对目标技术，数字网络及其应用的了解，确定目标如何进行通信，移动，操作和生活。","T0617,T0707,T0582,T0797,T0624,T0710,T0599,T0650,T0802,T0595,T0606,T0607,T0621,T0653,T0692,T0706,T0715,T0722,T0745,T0765,T0767,T0778,T0803,T0807","K0001,K0002,K0003,K0004,K0005,K0006,K0108,K0109,K0177,K0349,K0362,K0444,K0471,K0392,K0395,K0431,K0436,K0440,K0445,K0449,K0516,K0379,K0473,K0413,K0439,K0479,K0547,K0487,K0544,K0559,K0389,K0403,K0424,K0442,K0462,K0472,K0483,K0499,K0500,K0520,K0550,K0567,K0592,K0599,K0600","S0194,S0203,S0229,S0256,S0228,S0196,S0187,S0205,S0208,S0222,S0248,S0274,S0287,S0177,S0178,S0181,S0183,S0191,S0197,S0217,S0219,S0220,S0225,S0231,S0234,S0244,S0246,S0259,S0261,S0262,S0263,S0268,S0277,S0280,S0291,S0301","A0013,A0066,A0080,A0084,A0087,A0088,A0089,A0091,A0101,A0102,A0106,A0109,A0085,A0073"
"多学科语言分析师","AN-LNG-001","语言分析(LNG)","分析(AN)","应用具有目标/威胁和技术知识的语言和文化专业知识来处理，分析和/或传播从语言，语音和/或图形资料中获取的情报信息。 创建并维护特定于语言的数据库和工作辅助工具，以支持网络行动 执行并确保关键知识共享。 提供外语密集或跨学科项目的主题专业知识。","T0650,T0606,T0715,T0745,T0761,T0837,T0838,T0839,T0840,T0841,T0842,T0843,T0844,T0845,T0846,T0847,T0848,T0849,T0850,T0851,T0852,T0853,T0854,T0855,T0856,T0857,T0858,T0859,T0860","K0001,K0002,K0003,K0004,K0005,K0006,K0108,K0143,K0177,K0431,K0449,K0413,K0487,K0462,K0520,K0550,K0567,K0599,K0600,K0417,K0377,K0356,K0359,K0391,K0396,K0398,K0407,K0416,K0476,K0488,K0491,K0493,K0499,K0524,K0532,K0539,K0540,K0541,K0545,K0548,K0564,K0571,K0574,K0579,K0596,K0606,K0607","S0187,S0217,S0244,S0259,S0262,S0277,S0218,S0184,S0290,S0179,S0188,S0193,S0195,S0198,S0210,S0212,S0215,S0224,S0226,S0232,S0233,S0235,S0241,S0251,S0253,S0265,S0283,S0284","A0013,A0089,A0071,A0103"
"全源收集经理","CO-CLO-001","收集操作(CLO)","收集和操作(CO)","确定收集行政管理和环境; 将优先信息要求纳入收集管理; 开发符合领导意图的概念。 确定可用收集资产的能力，确定新的收集能力; 并构建和传播收集计划。监控任务收集的执行情况，以确保收集计划的有效执行。","T0562,T0564,T0568,T0573,T0578,T0604,T0605,T0625,T0626,T0631,T0632,T0634,T0645,T0646,T0647,T0649,T0651,T0657,T0662,T0674,T0681,T0683,T0698,T0702,T0714,T0716,T0721,T0723,T0725,T0734,T0737,T0750,T0753,T0755,T0757,T0773,T0779,T0806,T0809,T0810,T0811,T0812,T0814,T0820,T0821,T0827","K0001,K0002,K0003,K0004,K0005,K0006,K0036,K0058,K0109,K0177,K0431,K0449,K0417,K0579,K0596,K0444,K0471,K0392,K0395,K0440,K0445,K0516,K0560,K0427,K0446,K0561,K0565,K0405,K0480,K0610,K0612,K0353,K0361,K0364,K0380,K0382,K0383,K0386,K0387,K0390,K0401,K0404,K0412,K0419,K0425,K0435,K0448,K0453,K0454,K0467,K0474,K0475,K0477,K0482,K0492,K0495,K0496,K0498,K0503,K0505,K0513,K0521,K0522,K0526,K0527,K0552,K0553,K0554,K0558,K0562,K0563,K0569,K0570,K0580,K0581,K0583,K0584,K0587,K0588,K0601,K0605,K0613","S0238,S0304,S0305,S0311,S0313,S0316,S0317,S0324,S0325,S0327,S0328,S0330,S0332,S0334,S0335,S0336,S0339,S0342,S0344,S0347,S0351,S0352,S0362","A0069,A0070,A0076,A0078,A0079"
"全源收集需求管理者","CO-CLO-002","收集操作(CLO)","收集和操作(CO)","评估收集操作并使用可用来源和方法开发基于收集需求策略效果来改进收集。 开发，处理，验证和协调收集要求的提交。 评估收集资产和收集操作的性能。","T0564,T0568,T0578,T0605,T0651,T0714,T0725,T0734,T0809,T0810,T0811,T0565,T0577,T0580,T0596,T0602,T0613,T0668,T0673,T0675,T0682,T0689,T0693,T0694,T0730,T0746,T0780,T0819,T0822,T0830,T0831,T0832,T0833","K0001,K0002,K0003,K0004,K0005,K0006,K0036,K0058,K0109,K0177,K0353,K0361,K0364,K0380,K0382,K0383,K0384,K0386,K0387,K0390,K0395,K0401,K0404,K0412,K0417,K0419,K0421,K0425,K0427,K0431,K0435,K0444,K0445,K0446,K0448,K0453,K0454,K0467,K0474,K0475,K0477,K0480,K0482,K0492,K0495,K0496,K0498,K0505,K0513,K0516,K0521,K0526,K0527,K0552,K0554,K0558,K0560,K0561,K0562,K0563,K0565,K0568,K0569,K0570,K0579,K0580,K0581,K0584,K0587,K0588,K0596,K0605,K0610,K0612","S0304,S0305,S0316,S0317,S0327,S0330,S0334,S0335,S0336,S0339,S0344,S0347,S0352,S0329,S0337,S0346,S0348,S0353,S0362","A0069,A0070,A0078"
"网络国际规划","CO-OPL-001","网络运营计划(OPL)","收集和操作(CO)","制定详细的情报计划以满足网络作战要求。与网络运营规划人员合作确定，验证和征收收集和分析要求。参与网络行动的选择，验证，同步和执行。同步情报活动以支持网络空间中的组织目标。","T0734,T0563,T0575,T0576,T0579,T0581,T0587,T0590,T0592,T0601,T0627,T0628,T0630,T0636,T0637,T0638,T0639,T0640,T0648,T0656,T0659,T0667,T0670,T0676,T0680,T0690,T0691,T0705,T0709,T0711,T0719,T0726,T0728,T0733,T0735,T0739,T0743,T0760,T0763,T0772,T0784,T0801,T0808,T0816,T0836","K0001,K0002,K0003,K0004,K0005,K0006,K0036,K0108,K0109,K0120,K0431,K0417,K0444,K0395,K0445,K0560,K0427,K0446,K0561,K0565,K0480,K0610,K0612,K0435,K0471,K0392,K0440,K0405,K0377,K0349,K0362,K0436,K0379,K0403,K0460,K0464,K0556,K0603,K0614,K0465,K0507,K0598,K0511,K0414,K0577,K0347,K0350,K0352,K0355,K0358,K0399,K0400,K0408,K0411,K0422,K0432,K0455,K0456,K0459,K0463,K0494,K0499,K0501,K0502,K0504,K0506,K0508,K0512,K0514,K0517,K0518,K0519,K0525,K0538,K0566,K0572,K0575,K0578,K0582,K0585,K0586,K0589,K0590,K0591,K0593,K0594,K0595,K0599,K0602","S0218,S0203,S0249,S0278,S0296,S0297,S0176,S0185,S0186,S0213,S0250,S0272,S0273,S0306,S0307,S0308,S0309,S0310,S0312,S0314,S0315,S0318,S0319,S0320,S0321,S0322,S0323,S0331,S0333,S0338,S0340,S0341,S0343,S0345,S0350,S0360","A0013,A0066,A0070,A0089,A0085,A0082,A0074,A0067,A0068,A0077,A0081,A0090,A0094,A0096,A0098,A0105,A0160"
"网络运营计划","CO-OPL-002","网络运营计划(OPL)","收集和操作(CO)","通过与其他计划者，运营商和/或分析师的合作，制定详细的计划，以管理或支持适用范围的网络运营。参与定位选择，验证，同步，并使得网络操作的执行过程中的整合。","T0734,T0563,T0579,T0581,T0592,T0627,T0628,T0640,T0648,T0667,T0670,T0680,T0690,T0719,T0733,T0739,T0743,T0763,T0772,T0801,T0836,T0571,T0622,T0635,T0654,T0655,T0658,T0665,T0672,T0679,T0699,T0703,T0704,T0732,T0741,T0742,T0747,T0764,T0787,T0791,T0795,T0813,T0823","K0001,K0002,K0003,K0004,K0005,K0006,K0036,K0108,K0109,K0347,K0349,K0350,K0352,K0362,K0377,K0379,K0392,K0395,K0399,K0400,K0403,K0408,K0411,K0414,K0417,K0422,K0431,K0432,K0435,K0436,K0444,K0445,K0446,K0455,K0464,K0465,K0471,K0480,K0494,K0497,K0499,K0501,K0502,K0504,K0506,K0507,K0508,K0511,K0512,K0514,K0516,K0518,K0519,K0525,K0534,K0538,K0556,K0560,K0561,K0565,K0566,K0572,K0576,K0582,K0585,K0586,K0589,K0590,K0593,K0594,K0597,K0598,K0599,K0603,K0610,K0612,K0614","S0218,S0249,S0296,S0297,S0176,S0185,S0186,S0213,S0250,S0273,S0309,S0312,S0322,S0333,S0209,S0326,S0349,S0360","A0013,A0066,A0070,A0089,A0085,A0082,A0074,A0067,A0068,A0077,A0081,A0090,A0094,A0096,A0098,A0105"
"合作伙伴集成规划员","CO-OPL-003","网络运营计划(OPL)","收集和操作(CO)","致力于推动网络运营合作伙伴之间跨组织或国家边界的合作。 通过提供指导，资源和协作来帮助合作伙伴网络团队的整合，以发展最佳实践并促进组织对实现综合网络行动目标的支持。","T0581,T0582,T0627,T0670,T0739,T0763,T0772,T0836,T0571,T0635,T0665,T0699,T0732,T0747,T0764,T0787,T0795,T0823,T0601,T0760,T0784,T0629,T0666,T0669,T0671,T0700,T0712,T0729,T0759,T0766,T0817,T0818,T0825,T0826","K0001,K0002,K0003,K0004,K0005,K0006,K0108,K0109,K0431,K0417,K0444,K0395,K0435,K0392,K0377,K0362,K0436,K0379,K0403,K0465,K0507,K0598,K0511,K0414,K0350,K0400,K0408,K0411,K0422,K0432,K0455,K0499,K0501,K0504,K0506,K0508,K0512,K0514,K0538,K0585,K0599","S0218,S0249,S0296,S0297,S0185,S0186,S0213,S0250,S0326,S0360","A0013,A0066,A0070,A0089,A0085,A0082,A0074,A0067,A0068,A0077,A0081,A0090,A0094,A0096,A0098,A0105"
"网络运营商","CO-OPS-001","网络运营(OPS)","收集和操作(CO)","进行系统的收集，处理和/或地理定位以利用，定位和/或跟踪感兴趣的目标。执行网络搜索，战术取证分析，并在执行网络操作时执行。","T0566,T0567,T0598,T0609,T0610,T0612,T0616,T0618,T0619,T0620,T0623,T0643,T0644,T0664,T0677,T0696,T0697,T0724,T0740,T0756,T0768,T0774,T0796,T0804,T0828,T0829","K0001,K0002,K0003,K0004,K0005,K0006,K0009,K0021,K0051,K0109,K0142,K0224,K0363,K0372,K0373,K0375,K0379,K0403,K0406,K0420,K0423,K0428,K0427,K0429,K0430,K0433,K0438,K0440,K0452,K0468,K0481,K0485,K0486,K0480,K0516,K0528,K0530,K0531,K0536,K0560,K0565,K0573,K0608,K0609","S0062,S0183,S0236,S0182,S0190,S0192,S0202,S0206,S0221,S0242,S0243,S0252,S0255,S0257,S0266,S0267,S0270,S0275,S0276,S0281,S0282,S0293,S0295,S0298,S0299,S0363","A0095,A0097,A0099,A0100"
"网络犯罪调查员","IN-INV-001","网络调查(INV)","调查(IN)","使用受控和记录的分析和调查技术识别，收集，检查和保存证据。","T0031,T0059,T0096,T0103,T0104,T0110,T0112,T0113,T0114,T0120,T0193,T0225,T0241,T0343,T0346,T0360,T0386,T0423,T0430,T0433,T0453,T0471,T0479,T0523","K0001,K0002,K0003,K0004,K0005,K0006,K0046,K0070,K0107,K0110,K0114,K0118,K0123,K0125,K0128,K0144,K0155,K0156,K0168,K0209,K0231,K0244,K0251,K0351,K0624","S0047,S0068,S0072,S0086","A0174,A0175"
"执法/反间谍取证分析师","IN-FOR-001","数字取证(FOR)","调查(IN)","对基于计算机的犯罪行为进行深入调查，建立文件或物理证据，包括与网络入侵事件相关的数字媒体和日志。","T0059,T0096,T0220,T0308,T0398,T0419,T0401,T0403,T0411,T0425","K0001,K0002,K0003,K0004,K0005,K0006,K0017,K0021,K0042,K0060,K0070,K0077,K0078,K0107,K0109,K0117,K0118,K0119,K0122,K0123,K0125,K0128,K0131,K0132,K0133,K0134,K0145,K0155,K0156,K0167,K0168,K0179,K0182,K0183,K0184,K0185,K0186,K0187,K0188,K0189,K0305,K0624","S0032,S0046,S0047,S0062,S0065,S0067,S0068,S0069,S0071,S0073,S0074,S0075,S0087,S0088,S0089,S0090,S0091,S0092,S0093","A0005,A0175"
"网络防御取证分析师","IN-FOR-002","数字取证(FOR)","调查(IN)","分析数字证据并调查计算机安全事件以获取有用的信息，以支持系统/网络漏洞缓解。","T0027,T0036,T0048,T0049,T0075,T0087,T0103,T0113,T0165,T0167,T0168,T0172,T0173,T0175,T0179,T0182,T0190,T0212,T0216,T0238,T0240,T0241,T0253,T0279,T0285,T0286,T0287,T0288,T0289,T0312,T0396,T0397,T0398,T0399,T0400,T0401,T0432,T0532,T0546","K0001,K0002,K0003,K0004,K0005,K0006,K0018,K0021,K0042,K0060,K0070,K0077,K0078,K0109,K0117,K0118,K0119,K0122,K0123,K0125,K0128,K0131,K0132,K0133,K0134,K0145,K0155,K0156,K0167,K0168,K0179,K0182,K0183,K0184,K0185,K0186,K0187,K0188,K0189,K0224,K0254,K0255,K0301,K0304,K0347,K0624","S0032,S0047,S0062,S0065,S0067,S0068,S0069,S0071,S0073,S0074,S0075,S0087,S0088,S0089,S0090,S0091,S0092,S0093,S0131,S0132,S0133,S0156","A0005,A0043"